id,x,y,t
0,-135.30357,385.4198,0
1,167.76797,369.50854,1
2,558.7303,360.4164,2
3,457.2013,489.2218,3
edgep1,edgep2
0,1
1,2
2,3
